,folds,test_auc,val_auc,test_acc,val_acc
0,0,0.9512755102040816,0.9715909090909091,0.875968992248062,0.8518518518518519
1,1,0.9380102040816327,0.9488636363636364,0.8449612403100775,0.8888888888888888
2,2,0.9326530612244899,0.9659090909090908,0.8682170542635659,0.9259259259259259
3,3,0.6936224489795919,0.625,0.6434108527131783,0.5925925925925926
4,4,0.9216836734693878,0.9886363636363636,0.875968992248062,0.962962962962963
