,folds,test_auc,val_auc,test_acc,val_acc
0,0,0.8956632653061224,0.9318181818181819,0.8449612403100775,0.8518518518518519
1,1,0.9359693877551021,0.9715909090909091,0.8914728682170543,0.9259259259259259
2,2,0.890561224489796,0.9488636363636364,0.8604651162790697,0.9259259259259259
3,3,0.8954081632653061,0.9545454545454546,0.875968992248062,0.9259259259259259
4,4,0.9096938775510204,0.9772727272727273,0.9069767441860466,0.9259259259259259
