,folds,test_auc,val_auc,test_acc,val_acc
0,0,0.7374999999999999,0.9318181818181819,0.813953488372093,0.8518518518518519
1,1,0.7380102040816328,0.8636363636363636,0.7984496124031008,0.8518518518518519
2,2,0.7306122448979591,0.8920454545454546,0.7906976744186046,0.8888888888888888
3,3,0.810204081632653,0.9147727272727273,0.813953488372093,0.7777777777777778
4,4,0.7079081632653063,0.9318181818181818,0.8062015503875969,0.8888888888888888
