,folds,test_auc,val_auc,test_acc,val_acc
0,0,0.9732142857142857,1.0,0.9612403100775194,1.0
1,1,0.9645408163265305,1.0,0.9224806201550387,1.0
2,2,0.9352040816326531,1.0,0.937984496124031,1.0
3,3,0.9793367346938775,1.0,0.9612403100775194,1.0
4,4,0.972704081632653,1.0,0.9457364341085271,1.0
